Kit,891374434,/timeKit,891374434,/timeKit,891374434,/helloKit,891374434,/helpKit,891374434,/helpKit,891374434,/timeKit,891374434,/sumKit,891374434,/sum
Kit,891374434,/sumKit,891374434,/sum
Kit,891374434,/sum 2
Kit,891374434,/sum 2 5Kit,891374434,/helpKit,891374434,/helloKit,891374434,/sum 2 5Kit,891374434,/sum 2 5Kit,891374434,/sum
Kit,891374434,/sum
Kit,891374434,/sumKit,891374434,/sum 5 55Kit,891374434,/hello
Kit,891374434,/time
Kit,891374434,/help
Kit,891374434,/sum 4 89
Kit,891374434,/sum 2 2
